#"Step","Potential Energy (kJ/mole)","Temperature (K)","Density (g/mL)"
1000,254.244447758,170.138830262,0.0186973163154
2000,270.18729237,302.162803905,0.0186973163154
3000,261.13912131,338.341083162,0.0186973163154
4000,255.294454634,196.416962922,0.0186973163154
5000,248.503766202,532.145552015,0.0186973163154
6000,260.635478198,322.044984388,0.0186973163154
7000,275.462882401,490.795926198,0.0186973163154
8000,269.218061186,225.074441053,0.0186973163154
9000,237.239251027,278.625060148,0.0186973163154
10000,254.825550236,247.917457044,0.0186973163154
11000,244.963051005,254.687805634,0.0186973163154
12000,245.068335358,205.107483708,0.0186973163154
13000,247.820726156,376.688645544,0.0186973163154
14000,239.931958732,268.333952845,0.0186973163154
15000,232.782002667,398.799805875,0.0186973163154
16000,248.36171126,266.187090953,0.0186973163154
17000,257.059621183,303.462275984,0.0186973163154
18000,243.469829964,223.220667239,0.0186973163154
19000,240.171009405,231.662634345,0.0186973163154
20000,245.203217368,213.813966207,0.0186973163154
21000,240.753899904,509.421894526,0.0186973163154
22000,266.513272386,273.270956731,0.0186973163154
23000,259.003086213,260.821001859,0.0186973163154
24000,251.609919911,362.349721631,0.0186973163154
25000,248.021583565,269.669345108,0.0186973163154
26000,248.174385563,481.457475127,0.0186973163154
27000,267.755470462,237.405052951,0.0186973163154
28000,261.090388547,295.015361662,0.0186973163154
29000,248.5517441,249.748055193,0.0186973163154
30000,250.484245572,286.554757535,0.0186973163154
31000,255.412253591,212.102007475,0.0186973163154
32000,248.727687333,310.332303519,0.0186973163154
33000,257.298955914,378.087109457,0.0186973163154
34000,253.514808451,213.804443386,0.0186973163154
35000,255.501457813,300.17158044,0.0186973163154
36000,241.806602041,249.278555394,0.0186973163154
37000,250.889912256,218.91184958,0.0186973163154
38000,254.127973221,164.258905819,0.0186973163154
39000,246.972651951,452.757658432,0.0186973163154
40000,252.989261539,329.226390736,0.0186973163154
41000,261.123289458,323.843999458,0.0186973163154
42000,263.980370558,284.720646077,0.0186973163154
43000,255.758375061,246.137186269,0.0186973163154
44000,244.366120493,276.843390496,0.0186973163154
45000,251.262124644,336.989671886,0.0186973163154
46000,259.621169141,339.239906123,0.0186973163154
