#"Step","Potential Energy (kJ/mole)","Temperature (K)","Density (g/mL)"
1000,47740307505.4,1.31091443073e+11,0.0336641936488
2000,79191983319.8,2.33912173249e+11,0.0336641936488
3000,1.63555446694e+11,68627092443.6,0.0336641936488
4000,94766622566.3,4.4650360161e+11,0.0336641936488
5000,52223028263.2,3.62764099094e+11,0.0336641936488
6000,1.90617115314e+11,1.40755345256e+11,0.0336641936488
7000,81447001150.0,3.73532726251e+11,0.0336641936488
8000,89214654960.3,3.64607987029e+11,0.0336641936488
9000,1.90793279958e+11,2.28240470146e+11,0.0336641936488
10000,1.07380851219e+11,5.88693426112e+11,0.0336641936488
11000,87806884765.0,6.73293942034e+11,0.0336641936488
12000,3.68914197562e+11,82178394836.1,0.0336641936488
13000,88573605593.5,8.65989556057e+11,0.0336641936488
14000,2.2830587242e+11,6.8975557743e+11,0.0336641936488
15000,3.84347775446e+11,2.94185812894e+11,0.0336641936488
16000,1.02912962533e+11,9.89223934012e+11,0.0336641936488
17000,2.35037142732e+11,6.78448584432e+11,0.0336641936488
18000,3.87114701569e+11,3.45088589437e+11,0.0336641936488
19000,1.12900558666e+11,1.01509637857e+12,0.0336641936488
20000,3.15593245732e+11,7.48969611114e+11,0.0336641936488
21000,4.26135165424e+11,5.48538360253e+11,0.0336641936488
22000,2.04832303663e+11,1.11318539009e+12,0.0336641936488
23000,3.09772553822e+11,1.11177487796e+12,0.0336641936488
24000,4.27057304576e+11,8.50774589233e+11,0.0336641936488
25000,3.0432188567e+11,1.13359863968e+12,0.0336641936488
26000,3.13402506671e+11,1.0827376809e+12,0.0336641936488
27000,4.38803559827e+11,8.23197368472e+11,0.0336641936488
28000,2.86504287079e+11,1.17673438024e+12,0.0336641936488
29000,2.90944754987e+11,1.32811154289e+12,0.0336641936488
30000,6.00861289976e+11,6.95839192433e+11,0.0336641936488
31000,3.07221065976e+11,1.32246298143e+12,0.0336641936488
32000,2.99833198797e+11,1.41397990408e+12,0.0336641936488
33000,6.08261147038e+11,6.70197154679e+11,0.0336641936488
