#"Step","Potential Energy (kJ/mole)","Temperature (K)","Density (g/mL)"
1000,382171427.773,2395040810.71,0.0186973163154
2000,56032001.8879,233401924.934,0.0186973163154
3000,8927110.64577,44359128.8777,0.0186973163154
4000,4.73060484056e+11,1.65596250834e+12,0.0186973163154
5000,71624685991.3,8.19643767856e+11,0.0186973163154
6000,1.57290156875e+11,2.79490988521e+11,0.0186973163154
7000,37273574078.7,6.92136744613e+11,0.0186973163154
8000,29073152619.2,6.51785629746e+11,0.0186973163154
9000,1.54698628786e+11,1599759819.0,0.0186973163154
10000,30768136435.6,6.38442585602e+11,0.0186973163154
11000,27489091959.1,6.60863936108e+11,0.0186973163154
12000,1.55573228959e+11,8255255240.38,0.0186973163154
13000,31157183954.0,6.41563860054e+11,0.0186973163154
14000,27432610700.3,6.61458296433e+11,0.0186973163154
15000,1.53235002773e+11,189497761.773,0.0186973163154
16000,30754501107.1,6.40908761415e+11,0.0186973163154
